Proj_Ref,Calc_Stage,GIFA_(m2),No_storeys,Basement,Found_Type,Supstr_Type,Supstr_Cr_elems,Supstr_uw,Clad_Type,Concr(kg/m2),Masnry&Blwk(m2/m2),Reinf(kg/m2),Steel_Sec(kg/m2),Timber_Prod(kg/m2),Concrete_Carbon_(A1-A5)_(kgCO2e/m2),Masonry_& Blockwork_Carbon_(A1-A5)_(kgCO2e/m2),Reinforcement_Carbon_(A1-A5)_(kgCO2e/m2),Steel_(Sections)_Carbon_(A1-A5)_(kgCO2e/m2),Timber_(Products)_Carbon_(A1-A5)_(kg/m2),Total_Carbon_(A1-A5)_(kgCO2e/m2)
1,Stage_4,6070.594,1_to_3,False,Mass(Pads/Strips),Masonry&Timber,No_elems,medium,Masonry,516.702,4.116,14.718,6.39,33.475,37.7088,116.0068,2.8747,0.694,18.9907,176.2749
3,As_Built,10095.656,1_to_3,False,Piled(Ground-beams/Caps),RC_Frame,Frame&Floors,high,Masonry,1299.684,0.819,44.464,6.39,33.475,195.5656,30.2956,116.8594,9.0121,0.0,351.7327
7,As_Built,693.11,1_to_3,False,Mass(Pads/Strips),Masonry&Timber,No_elems,medium,Masonry,1691.174,4.116,14.718,19.402,33.475,144.9978,143.8644,10.1397,38.0503,0.0,337.0522
9,As_Built,2045.532,1_to_3,False,Piled(Ground-beams/Caps),Masonry&Concrete,Floors,high,Masonry,777.696,2.47,14.718,6.39,33.475,111.6186,98.4062,37.9554,0.0,0.0,247.9801
10,As_Built,2045.532,1_to_3,True,Reinforced(Pads/Strips/Raft),Masonry&Concrete,Floors,high,Masonry,1169.186,2.47,44.464,6.39,33.475,144.6764,92.0837,97.2469,13.4892,0.0,347.4962
11,Stage_2,2045.532,4_to_6,True,Mass(Pads/Strips),Masonry&Concrete,Floors,high,Masonry,908.192,0.819,44.464,6.39,33.475,173.9164,70.3016,45.1443,4.8917,0.0,294.254
13,Stage_4,693.11,1_to_3,False,Piled(Ground-beams/Caps),Masonry&Timber,No_elems,medium,Masonry,1169.186,7.41,74.107,6.39,33.475,159.1976,323.7914,178.0477,9.1998,11.0518,681.2883
14,As_Built,693.11,1_to_3,False,Piled(Ground-beams/Caps),Masonry&Timber,No_elems,medium,Masonry,777.696,4.116,14.718,6.39,33.475,96.9256,146.4828,60.617,15.4139,0.0,319.4393
16,As_Built,7412.282,7_to_10,True,Reinforced(Pads/Strips/Raft),RC_Frame,Frame&Floors,high,Masonry,908.192,0.819,44.464,6.39,33.475,144.1732,13.7618,121.0091,4.8779,0.0,283.822
18,Stage_5,693.11,4_to_6,True,Reinforced(Pads/Strips/Raft),Masonry&Concrete,Floors,high,Masonry,1299.684,2.47,74.107,6.39,33.475,191.0267,205.0861,149.9267,2.5564,0.0,548.5959
19,As_Built,2045.532,1_to_3,False,Piled(Ground-beams/Caps),Masonry&Concrete,Floors,high,Masonry,647.198,0.819,14.718,6.39,33.475,88.8072,43.3171,45.542,9.6553,0.0,187.3215
24,As_Built,693.11,1_to_3,False,Piled(Ground-beams/Caps),Masonry&Timber,No_elems,medium,Masonry,516.702,2.47,14.718,6.39,33.475,56.9482,59.6753,54.5423,6.7289,5.5184,183.4131
25,Stage_5,693.11,1_to_3,False,Piled(Ground-beams/Caps),Steel_Frame&Precast/Composite,Floors,medium,Masonry,1560.678,2.47,14.718,58.206,33.475,204.7479,82.3497,28.1171,95.5457,4.3442,415.1045
26,As_Built,693.11,4_to_6,True,Piled(Ground-beams/Caps),RC_Frame,Frame&Floors,high,Masonry,2213.162,0.819,103.75,6.39,33.475,288.8591,41.9642,228.8572,0.0,0.0,559.6804
28,As_Built,693.11,1_to_3,False,Piled(Ground-beams/Caps),Masonry&Timber,No_elems,medium,Masonry,385.03,2.47,14.718,6.39,33.475,32.0422,74.094,26.4053,0.0,0.0,132.5414
29,Stage_5,693.11,1_to_3,True,Piled(Ground-beams/Caps),Masonry&Timber,No_elems,medium,Other,1691.174,2.47,74.107,6.39,33.475,234.4795,45.4416,189.3254,15.9184,11.2351,496.4
30,As_Built,693.11,1_to_3,False,Mass(Pads/Strips),Masonry&Concrete,Floors,high,Masonry,908.192,2.47,14.718,19.402,33.475,86.942,73.5348,15.795,20.7353,0.0,197.0071
32,Stage_4,693.11,1_to_3,False,Mass(Pads/Strips),Masonry&Timber,No_elems,medium,Masonry,1038.69,2.47,14.718,19.402,33.475,122.438,70.4971,13.118,33.2154,0.0,239.2685
33,Stage_4,693.11,4_to_6,True,Reinforced(Pads/Strips/Raft),Steel_Frame&CLT,No_elems,low,Masonry,777.696,2.47,44.464,19.402,33.475,102.0053,108.8219,89.2747,33.3391,12.3957,345.8367
34,As_Built,693.11,4_to_6,True,Reinforced(Pads/Strips/Raft),Steel_Frame&Precast/Composite,Floors,medium,Masonry,1299.684,0.819,44.464,19.402,33.475,146.7365,44.0384,119.9819,23.2768,0.0,334.0336
35,Stage_5,693.11,1_to_3,True,Piled(Ground-beams/Caps),Steel_Frame&CLT,No_elems,low,Masonry,2082.664,0.819,74.107,19.402,33.475,271.3592,80.6218,160.6397,28.4128,49.2178,590.2515
38,Stage_5,693.11,1_to_3,False,Piled(Ground-beams/Caps),Masonry&Concrete,Floors,high,Masonry,647.198,2.47,14.718,6.39,33.475,145.9685,85.0401,42.007,10.5165,4.2118,287.7439
39,Stage_2,693.11,1_to_3,False,Reinforced(Pads/Strips/Raft),Masonry&Concrete,Floors,high,Masonry,516.702,2.47,14.718,6.39,33.475,119.1472,72.2686,42.1214,9.3175,2.4792,245.334
40,As_Built,693.11,1_to_3,False,Piled(Ground-beams/Caps),Steel_Frame&CLT,No_elems,low,Masonry,777.696,0.819,14.718,32.336,33.475,110.6276,19.284,35.0662,58.7307,0.0,223.7086
44,Stage_5,7412.282,4_to_6,False,Mass(Pads/Strips),RC_Frame,Frame&Floors,high,Masonry,1169.186,0.819,74.107,6.39,33.475,124.8157,3.8433,156.4229,0.8945,0.0,285.9764
45,Stage_4,4728.906,1_to_3,False,Reinforced(Pads/Strips/Raft),RC_Frame,Frame&Floors,high,Other,1821.671,0.819,163.036,6.39,33.475,238.3384,3.2532,316.7075,17.5064,0.0,575.8055
47,Stage_4,693.11,1_to_3,False,Mass(Pads/Strips),Steel_Frame&CLT,No_elems,low,Other,1169.186,0.819,14.718,32.336,33.475,162.4263,46.2577,1.932,58.2144,14.3604,283.1907
48,As_Built,2045.532,4_to_6,True,Piled(Ground-beams/Caps),RC_Frame,Frame&Floors,high,Masonry,1691.174,0.819,74.107,6.39,33.475,221.0993,11.1873,164.7431,10.5139,0.0,407.5436
51,Stage_4,693.11,4_to_6,True,Reinforced(Pads/Strips/Raft),Steel_Frame&Precast/Composite,Floors,medium,Masonry,777.696,2.47,14.718,19.402,33.475,103.5142,63.8956,45.1807,24.7934,0.0,237.3839
53,As_Built,3387.218,4_to_6,True,Piled(Ground-beams/Caps),Steel_Frame&Precast/Composite,Floors,medium,Masonry,647.198,0.819,14.718,71.14,33.475,76.6351,2.5194,47.5242,112.0055,1.3267,240.0108
54,As_Built,693.11,1_to_3,False,Piled(Ground-beams/Caps),Masonry&Timber,No_elems,medium,Masonry,1169.186,2.47,44.464,6.39,33.475,144.4606,62.0316,104.9568,0.0,1.9497,313.3987
57,Stage_5,8753.968,4_to_6,True,Piled(Ground-beams/Caps),RC_Frame,Frame&Floors,high,Other,1560.678,0.819,74.107,6.39,33.475,212.1153,1.8196,159.444,13.7899,4.0982,391.267
59,Stage_5,693.11,1_to_3,True,Reinforced(Pads/Strips/Raft),Timber_Frame(Glulam&CLT),No_elems,low,Other,777.696,0.819,14.718,6.39,100.828,73.1361,15.8847,28.2094,0.0,74.858,192.0882
60,Stage_4,693.11,4_to_6,True,Reinforced(Pads/Strips/Raft),Steel_Frame&CLT,No_elems,low,Masonry,1038.69,0.819,44.464,19.402,33.475,135.3598,14.2584,118.7148,39.4828,0.0,307.8158
64,As_Built,693.11,1_to_3,False,Mass(Pads/Strips),Masonry&Timber,No_elems,medium,Masonry,908.192,0.819,14.718,6.39,33.475,80.9044,79.7592,6.0492,0.0,11.6825,178.3954
65,Stage_5,693.11,1_to_3,False,Mass(Pads/Strips),Masonry&Timber,No_elems,medium,Other,1299.684,2.47,14.718,6.39,33.475,124.1306,113.6153,23.0382,0.0,0.0,260.7841
66,Stage_5,693.11,1_to_3,False,Piled(Ground-beams/Caps),Masonry&Timber,No_elems,medium,Masonry,908.192,2.47,44.464,6.39,33.475,117.3896,71.3503,72.982,7.7253,20.3048,289.7519
67,Stage_5,693.11,1_to_3,False,Mass(Pads/Strips),Masonry&Timber,No_elems,medium,Masonry,1430.18,2.47,14.718,6.39,33.475,124.3102,55.6974,14.5916,18.1508,9.8662,222.6162
69,Stage_5,693.11,1_to_3,True,Reinforced(Pads/Strips/Raft),Steel_Frame&CLT,No_elems,low,Masonry,1038.69,4.116,14.718,19.402,33.475,145.2965,137.7555,44.9952,26.7226,14.2105,368.9804
71,As_Built,2045.532,1_to_3,False,Piled(Ground-beams/Caps),Steel_Frame&Precast/Composite,Floors,medium,Masonry,647.198,0.819,14.718,45.272,33.475,73.8168,2.8786,43.4096,80.0915,0.0,200.1965
72,Stage_3,2045.532,4_to_6,True,Mass(Pads/Strips),Timber_Frame(Glulam&CLT),No_elems,low,Masonry,516.702,0.819,14.718,6.39,168.046,72.0971,4.5799,55.6913,3.3391,104.2056,239.913
76,As_Built,2045.532,4_to_6,False,Mass(Pads/Strips),Steel_Frame&Precast/Composite,Floors,medium,Masonry,1169.186,0.819,14.718,58.206,33.475,134.4076,3.0213,10.1367,89.9344,0.0,237.5
79,Stage_5,693.11,1_to_3,False,Reinforced(Pads/Strips/Raft),Steel_Frame&CLT,No_elems,low,Other,385.03,0.819,14.718,32.336,33.475,52.0729,14.1729,19.5481,47.9335,15.756,149.4834
85,As_Built,8753.968,7_to_10,True,Piled(Ground-beams/Caps),RC_Frame,Frame&Floors,high,Masonry,1430.18,0.819,44.464,6.39,33.475,183.7859,0.371,83.6128,0.0,0.0,267.7697
86,Stage_4,693.11,1_to_3,True,Piled(Ground-beams/Caps),RC_Frame,Frame&Floors,high,Other,1821.671,0.819,103.75,6.39,33.475,246.9148,5.0133,229.6674,0.0,0.0,481.5955
87,As_Built,6070.594,1_to_3,True,Piled(Ground-beams/Caps),Timber_Frame(Glulam&CLT),No_elems,low,Other,1430.18,0.819,74.107,6.39,100.828,149.9613,0.5436,153.6378,0.0,64.2816,368.4243
92,Stage_5,693.11,4_to_6,True,Reinforced(Pads/Strips/Raft),Steel_Frame&Precast/Composite,Floors,medium,Other,1821.671,0.819,192.678,58.206,33.475,248.7529,0.9037,392.056,89.2569,0.0,730.9694
96,As_Built,693.11,1_to_3,True,Mass(Pads/Strips),RC_Frame,Frame&Floors,high,Other,1169.186,0.819,44.464,6.39,33.475,107.2132,2.1679,83.545,15.9811,1.0012,209.9085
98,As_Built,4728.906,1_to_3,False,Piled(Ground-beams/Caps),RC_Frame,Frame&Floors,high,Masonry,1430.18,0.819,44.464,6.39,33.475,164.9487,0.1349,105.2988,4.6028,0.0,274.9851
99,As_Built,693.11,1_to_3,False,Piled(Ground-beams/Caps),Timber_Frame(Glulam&CLT),No_elems,low,Other,777.696,0.819,14.718,6.39,100.828,88.1679,1.7459,54.5801,13.304,33.8202,191.618
100,As_Built,11437.344,7_to_10,False,Piled(Ground-beams/Caps),RC_Frame,Frame&Floors,high,Other,1169.186,0.819,74.107,6.39,33.475,181.9819,0.0274,172.0972,1.0365,0.0,355.1431
101,Stage_5,4728.906,7_to_10,False,Mass(Pads/Strips),Timber_Frame(Glulam&CLT),No_elems,low,Other,516.702,0.819,14.718,6.39,100.828,65.3931,0.0,54.2608,15.7886,71.8038,207.2464
103,As_Built,4728.906,4_to_6,True,Piled(Ground-beams/Caps),RC_Frame,Frame&Floors,high,Other,1952.168,0.819,74.107,6.39,33.475,192.9442,0.0,161.1329,2.8674,0.0,356.9445
104,Stage_4,15462.406,7_to_10,False,Piled(Ground-beams/Caps),RC_Frame,Frame&Floors,high,Masonry,1430.18,0.819,44.464,6.39,33.475,182.8728,0.0,122.2292,0.0,0.0,305.102
105,As_Built,4728.906,4_to_6,False,Piled(Ground-beams/Caps),RC_Frame,Frame&Floors,high,Masonry,1038.69,0.819,44.464,6.39,33.475,133.3879,0.0,90.8056,0.0561,0.0,224.2496
106,As_Built,3387.218,4_to_6,False,Piled(Ground-beams/Caps),RC_Frame,Frame&Floors,high,Masonry,1430.18,0.819,44.464,6.39,33.475,182.2158,0.0,110.431,0.0324,0.0,292.6792
107,As_Built,2045.532,1_to_3,False,Piled(Ground-beams/Caps),Steel_Frame&Precast/Composite,Floors,medium,Masonry,777.696,0.819,44.464,71.14,33.475,86.4617,0.0,96.7389,111.7429,0.0,294.9434
108,As_Built,3387.218,1_to_3,False,Piled(Ground-beams/Caps),Steel_Frame&Precast/Composite,Floors,medium,Other,1038.69,0.819,44.464,109.944,33.475,128.6004,0.0,76.6621,168.9205,0.0,374.183
109,As_Built,2045.532,4_to_6,True,Piled(Ground-beams/Caps),Timber_Frame(Glulam&CLT),No_elems,low,Masonry,516.702,0.819,14.718,6.39,235.266,62.381,0.0,42.8071,3.965,75.16,184.3132
110,As_Built,2045.532,1_to_3,False,Mass(Pads/Strips),Timber_Frame(Glulam&CLT),No_elems,low,Masonry,908.192,0.819,44.464,19.402,168.046,85.5541,0.0,99.6866,39.9657,95.1551,320.3615
111,As_Built,2045.532,7_to_10,True,Piled(Ground-beams/Caps),RC_Frame,Frame&Floors,high,Masonry,2604.652,0.819,192.678,6.39,33.475,288.3982,0.0,441.8352,14.6953,0.0,744.9287
113,As_Built,2045.532,1_to_3,False,Piled(Ground-beams/Caps),Steel_Frame&Precast/Composite,Floors,medium,Masonry,647.198,0.819,44.464,32.336,33.475,69.968,0.0,74.6615,54.1167,0.0,198.7462
114,As_Built,15462.406,1_to_3,False,Mass(Pads/Strips),Steel_Frame&Precast/Composite,Floors,medium,Masonry,777.696,0.819,14.718,84.075,33.475,81.7824,0.0,27.418,130.5545,0.0,239.7549
115,As_Built,6070.594,4_to_6,False,Piled(Ground-beams/Caps),RC_Frame,Frame&Floors,high,Masonry,908.192,0.819,44.464,6.39,33.475,130.6263,0.0,122.4416,0.1802,0.0,253.248
116,Stage_5,3387.218,1_to_3,False,Piled(Ground-beams/Caps),Timber_Frame(Glulam&CLT),No_elems,low,Masonry,777.696,0.819,44.464,32.336,168.046,108.0973,0.0,71.5893,41.7704,90.3934,311.8504
117,Stage_5,11437.344,7_to_10,False,Piled(Ground-beams/Caps),RC_Frame,Frame&Floors,high,Masonry,1169.186,0.819,44.464,6.39,33.475,158.6327,0.0,105.2892,0.0,0.0,263.9219
118,Stage_5,10095.656,7_to_10,False,Piled(Ground-beams/Caps),RC_Frame,Frame&Floors,high,Other,1430.18,0.819,44.464,6.39,33.475,192.2236,0.0,108.0344,0.0,0.0,300.258
121,Stage_5,11437.344,4_to_6,False,Piled(Ground-beams/Caps),Steel_Frame&Precast/Composite,Floors,medium,Masonry,908.192,0.819,14.718,84.075,33.475,117.2144,0.0,60.0851,128.274,0.0,305.5735
135,Stage_5,693.11,4_to_6,False,Piled(Ground-beams/Caps),Steel_Frame&Precast/Composite,Floors,medium,Masonry,777.696,0.819,14.718,97.01,33.475,87.8953,0.0,25.552,147.0265,0.0,260.4738
123,As_Built,2045.532,4_to_6,True,Piled(Ground-beams/Caps),RC_Frame,Frame&Floors,high,Other,2213.162,0.819,103.75,6.39,33.475,231.4302,0.0,229.2565,0.2856,0.0,460.9724
125,As_Built,2045.532,1_to_3,False,Piled(Ground-beams/Caps),RC_Frame,Frame&Floors,high,Masonry,1169.186,0.819,74.107,19.402,33.475,130.0967,0.0,150.5963,27.0051,7.3283,315.0264
126,As_Built,2045.532,4_to_6,True,Piled(Ground-beams/Caps),RC_Frame,Frame&Floors,high,Masonry,2213.162,0.819,103.75,32.336,33.475,246.5122,0.0,205.7317,56.3903,0.0,508.6342
127,Stage_4,693.11,4_to_6,True,Piled(Ground-beams/Caps),RC_Frame,Frame&Floors,high,Masonry,1952.168,0.819,163.036,6.39,33.475,278.5836,0.0,331.2877,0.0,0.0,609.8713
128,As_Built,693.11,1_to_3,False,Piled(Ground-beams/Caps),RC_Frame,Frame&Floors,high,Other,1560.678,0.819,103.75,19.402,33.475,207.4871,0.0,192.3195,24.2141,0.0,424.0207
129,As_Built,693.11,1_to_3,False,Piled(Ground-beams/Caps),Masonry&Concrete,Floors,high,Masonry,908.192,0.819,44.464,45.272,33.475,121.003,0.0,66.8171,67.2376,14.6666,269.7244
130,As_Built,2045.532,7_to_10,True,Reinforced(Pads/Strips/Raft),Steel_Frame&Precast/Composite,Floors,medium,Masonry,647.198,0.819,44.464,45.272,33.475,99.0182,0.0,42.5846,106.5633,0.0,248.1662
131,Stage_5,10095.656,4_to_6,True,Piled(Ground-beams/Caps),RC_Frame,Frame&Floors,high,Masonry,1821.671,0.819,74.107,6.39,33.475,222.1972,0.0,188.7963,8.7928,0.0,419.7863
132,As_Built,693.11,1_to_3,False,Piled(Ground-beams/Caps),Steel_Frame&Precast/Composite,Floors,medium,Masonry,1299.684,0.819,44.464,109.944,33.475,84.0888,0.0,48.8938,150.2306,0.0,283.2132
133,As_Built,2045.532,1_to_3,False,Piled(Ground-beams/Caps),Steel_Frame&Precast/Composite,Floors,medium,Other,647.198,0.819,14.718,84.075,33.475,242.9739,0.0,104.7145,281.9146,0.0,629.6029
137,As_Built,2045.532,4_to_6,True,Piled(Ground-beams/Caps),RC_Frame,Frame&Floors,high,Masonry,1560.678,0.819,74.107,6.39,33.475,484.804,0.0,479.5222,16.0812,0.0,980.4074
138,As_Built,10095.656,4_to_6,False,Reinforced(Pads/Strips/Raft),Timber_Frame(Glulam&CLT),No_elems,low,Other,1038.69,0.819,44.464,6.39,100.828,98.3731,0.0,168.6975,3.4639,78.1784,348.7129
139,As_Built,6070.594,7_to_10,False,Piled(Ground-beams/Caps),RC_Frame,Frame&Floors,high,Masonry,1691.174,0.819,133.392,6.39,33.475,36.7342,0.0,26.7754,77.9787,0.0,141.4883
140,As_Built,2045.532,1_to_3,True,Piled(Ground-beams/Caps),Steel_Frame&Precast/Composite,Floors,medium,Masonry,1038.69,0.819,44.464,148.748,33.475,191.8603,0.0,155.1039,1.331,0.0,348.2952
141,As_Built,2045.532,4_to_6,False,Mass(Pads/Strips),RC_Frame,Frame&Floors,high,Masonry,1169.186,0.819,74.107,6.39,33.475,91.5066,0.0,72.2074,8.2558,0.0,171.9698
142,As_Built,2045.532,1_to_3,False,Piled(Ground-beams/Caps),Steel_Frame&Precast/Composite,Floors,medium,Masonry,908.192,0.819,44.464,6.39,33.475,82.8114,0.0,62.1933,0.0,0.0,145.0047
143,As_Built,693.11,1_to_3,False,Reinforced(Pads/Strips/Raft),RC_Frame,Frame&Floors,high,Other,1038.69,0.819,44.464,6.39,33.475,392.6849,0.0,381.3037,0.0,0.0,773.9885
144,Stage_5,3387.218,1_to_3,False,Mass(Pads/Strips),Timber_Frame(Glulam&CLT),No_elems,low,Other,1169.186,0.819,14.718,6.39,100.828,144.0748,0.0,41.853,1.5404,69.2775,256.7457
149,As_Built,693.11,1_to_3,False,Piled(Ground-beams/Caps),RC_Frame,Frame&Floors,high,Other,1821.671,0.819,163.036,32.336,33.475,231.5603,0.0,359.3547,43.1491,0.0,634.0641
150,As_Built,2045.532,1_to_3,True,Piled(Ground-beams/Caps),Steel_Frame&Precast/Composite,Floors,medium,Other,1691.174,0.819,14.718,58.206,33.475,177.5406,0.0,61.3853,97.7205,0.0,336.6463
151,As_Built,3387.218,1_to_3,False,Mass(Pads/Strips),RC_Frame,Frame&Floors,high,Masonry,1430.18,0.819,44.464,6.39,33.475,151.0297,0.0,91.135,0.7835,0.0,242.9481
152,As_Built,20829.156,4_to_6,True,Piled(Ground-beams/Caps),RC_Frame,Frame&Floors,high,Masonry,1169.186,0.819,74.107,6.39,33.475,156.4558,0.0,139.8211,0.0,0.0,296.2769
153,As_Built,3387.218,1_to_3,True,Reinforced(Pads/Strips/Raft),Timber_Frame(Glulam&CLT),No_elems,low,Masonry,516.702,0.819,14.718,6.39,100.828,59.0459,0.0,34.0771,9.4963,33.7973,136.4166
155,Stage_4,2045.532,1_to_3,False,Mass(Pads/Strips),Steel_Frame&Precast/Composite,Floors,medium,Other,1038.69,0.819,14.718,32.336,33.475,112.0014,0.0,47.7497,56.8672,0.0,216.6183
156,As_Built,12779.032,4_to_6,True,Reinforced(Pads/Strips/Raft),Steel_Frame&CLT,No_elems,low,Other,908.192,0.819,14.718,58.206,33.475,131.8906,0.0,32.0916,89.5841,17.911,271.4774
159,As_Built,693.11,1_to_3,False,Mass(Pads/Strips),Steel_Frame&CLT,No_elems,low,Other,1299.684,0.819,14.718,45.272,33.475,127.6677,0.0,42.0134,70.1634,8.3381,248.1826
161,As_Built,3387.218,1_to_3,False,Reinforced(Pads/Strips/Raft),Steel_Frame&Precast/Composite,Floors,medium,Other,1038.69,0.819,14.718,32.336,33.475,97.6454,0.0,15.3851,59.69,0.0,172.7205
163,Stage_4,7412.282,1_to_3,False,Piled(Ground-beams/Caps),RC_Frame,Frame&Floors,high,Masonry,1299.684,0.819,74.107,6.39,33.475,174.9343,0.0,177.397,15.1463,0.0,367.4775
164,As_Built,2045.532,1_to_3,False,Piled(Ground-beams/Caps),RC_Frame,Frame&Floors,high,Masonry,1038.69,0.819,103.75,19.402,33.475,109.9539,0.0,195.043,34.8009,0.0,339.7977
165,As_Built,2045.532,1_to_3,False,Mass(Pads/Strips),RC_Frame,Frame&Floors,high,Masonry,1038.69,0.819,74.107,19.402,33.475,105.0365,0.0,135.5955,27.5787,0.0,268.2106
166,As_Built,2045.532,4_to_6,True,Mass(Pads/Strips),Steel_Frame&Precast/Composite,Floors,medium,Other,1038.69,0.819,14.718,45.272,33.475,99.3077,0.0,14.3582,74.0904,0.0,187.7564
167,As_Built,4728.906,4_to_6,False,Piled(Ground-beams/Caps),RC_Frame,Frame&Floors,high,Masonry,1169.186,0.819,44.464,6.39,33.475,160.0925,0.0,107.4092,0.0,0.0,267.5017
168,Stage_3,3387.218,7_to_10,False,Piled(Ground-beams/Caps),Masonry&Concrete,Floors,high,Masonry,908.192,2.47,44.464,6.39,33.475,124.9088,0.0,106.9479,0.123,0.0,231.9798
169,As_Built,693.11,1_to_3,False,Mass(Pads/Strips),Steel_Frame&Precast/Composite,Floors,medium,Other,908.192,0.819,14.718,45.272,33.475,89.146,0.0,17.9459,77.7714,0.0,184.8633
173,As_Built,693.11,1_to_3,False,Mass(Pads/Strips),RC_Frame,Frame&Floors,high,Other,2082.664,0.819,74.107,6.39,33.475,257.5243,0.0,151.9879,0.0,0.0,409.5122
174,As_Built,7412.282,7_to_10,False,Piled(Ground-beams/Caps),RC_Frame,Frame&Floors,high,Masonry,1430.18,0.819,74.107,6.39,33.475,155.3922,0.0,159.3297,0.0,0.0,314.7218
175,As_Built,2045.532,7_to_10,False,Piled(Ground-beams/Caps),RC_Frame,Frame&Floors,high,Masonry,1430.18,0.819,74.107,6.39,33.475,146.3935,0.0,182.8938,0.0,0.0,329.2873
176,As_Built,4728.906,4_to_6,True,Piled(Ground-beams/Caps),RC_Frame,Frame&Floors,high,Masonry,1169.186,0.819,44.464,6.39,33.475,160.3605,0.0,117.3817,0.0,0.0,277.7422
185,Stage_4,11437.344,7_to_10,True,Piled(Ground-beams/Caps),RC_Frame,Frame&Floors,high,Masonry,1430.18,0.819,74.107,6.39,33.475,186.9554,0.0,159.458,0.0,0.0,346.4133
186,Stage_4,8753.968,7_to_10,True,Piled(Ground-beams/Caps),RC_Frame,Frame&Floors,high,Masonry,1560.678,0.819,74.107,6.39,33.475,210.5064,0.0,174.557,0.0,0.0,385.0634
187,Stage_4,8753.968,7_to_10,True,Piled(Ground-beams/Caps),RC_Frame,Frame&Floors,high,Masonry,1169.186,0.819,74.107,6.39,33.475,158.8154,0.0,136.2742,0.0,0.0,295.0896
190,As_Built,693.11,1_to_3,False,Piled(Ground-beams/Caps),RC_Frame,Frame&Floors,high,Other,1952.168,0.819,103.75,6.39,33.475,207.9612,0.0,193.3507,0.0,0.0,401.3119
191,As_Built,693.11,1_to_3,False,Piled(Ground-beams/Caps),RC_Frame,Frame&Floors,high,Other,1952.168,0.819,103.75,6.39,33.475,207.9612,0.0,193.3507,0.0,0.0,401.3119
193,As_Built,3387.218,4_to_6,False,Piled(Ground-beams/Caps),RC_Frame,Frame&Floors,high,Masonry,777.696,0.819,44.464,6.39,33.475,80.5289,0.0,112.5604,0.0,0.0,193.0893
194,As_Built,4728.906,7_to_10,False,Piled(Ground-beams/Caps),RC_Frame,Frame&Floors,high,Masonry,908.192,0.819,74.107,6.39,33.475,96.6749,0.0,129.8847,0.0,0.0,226.5597
195,As_Built,6070.594,7_to_10,False,Piled(Ground-beams/Caps),RC_Frame,Frame&Floors,high,Masonry,1038.69,0.819,44.464,6.39,33.475,138.1479,0.0,91.6511,0.0,0.0,229.799
197,As_Built,693.11,1_to_3,False,Mass(Pads/Strips),Steel_Frame&CLT,No_elems,low,Other,1430.18,0.819,14.718,58.206,33.475,140.7532,0.0,58.5244,100.6328,14.454,314.3643
198,Stage_4,693.11,1_to_3,False,Piled(Ground-beams/Caps),Steel_Frame&CLT,No_elems,low,Other,385.03,0.819,14.718,45.272,100.828,49.1966,0.0,46.0848,66.6642,43.6355,205.5811
199,As_Built,693.11,1_to_3,False,Piled(Ground-beams/Caps),Steel_Frame&Precast/Composite,Floors,medium,Masonry,647.198,0.819,14.718,45.272,33.475,132.7123,0.0,36.943,72.3337,0.0,241.9889
200,Stage_5,693.11,1_to_3,False,Mass(Pads/Strips),Steel_Frame&Precast/Composite,Floors,medium,Other,516.702,0.819,14.718,6.39,33.475,78.7709,0.0,14.7017,13.88,0.0,107.3526
201,Stage_4,693.11,1_to_3,False,Mass(Pads/Strips),Steel_Frame&CLT,No_elems,low,Masonry,647.198,0.819,14.718,45.272,33.475,75.9881,0.0,39.6698,68.7408,12.3441,196.7428
203,Stage_5,693.11,4_to_6,True,Reinforced(Pads/Strips/Raft),RC_Frame,Frame&Floors,high,Masonry,1169.186,0.819,74.107,6.39,33.475,117.9312,0.0,168.778,4.5174,0.0,291.2266
205,Stage_4,693.11,1_to_3,False,Piled(Ground-beams/Caps),Steel_Frame&Precast/Composite,Floors,medium,Masonry,1169.186,0.819,14.718,84.075,33.475,154.6195,0.0,0.0,131.153,0.0,285.7725
207,Stage_4,693.11,1_to_3,True,Reinforced(Pads/Strips/Raft),Steel_Frame&CLT,No_elems,low,Masonry,516.702,0.819,14.718,71.14,33.475,72.7134,0.0,39.0843,103.5076,4.9932,220.2986
223,Stage_4,693.11,4_to_6,True,Reinforced(Pads/Strips/Raft),Steel_Frame&CLT,No_elems,low,Other,1299.684,0.819,74.107,6.39,33.475,162.0326,0.0,151.0933,15.9029,12.6192,341.648
225,Stage_5,3387.218,1_to_3,False,Mass(Pads/Strips),Steel_Frame&CLT,No_elems,low,Other,777.696,0.819,14.718,32.336,33.475,97.1991,0.0,45.9812,61.009,0.0,204.1893
226,Stage_5,2045.532,4_to_6,False,Piled(Ground-beams/Caps),RC_Frame,Frame&Floors,high,Masonry,1430.18,0.819,74.107,6.39,33.475,184.1719,0.0,127.1925,0.0,0.0,311.3644
227,Stage_5,693.11,1_to_3,False,Reinforced(Pads/Strips/Raft),Timber_Frame(Glulam&CLT),No_elems,low,Other,777.696,0.819,14.718,6.39,33.475,95.9303,0.0,6.3649,0.0,0.0,102.2952
230,As_Built,2045.532,1_to_3,False,Piled(Ground-beams/Caps),Steel_Frame&CLT,No_elems,low,Other,1560.678,0.819,44.464,58.206,33.475,188.5896,0.0,91.4818,92.3676,0.0,372.439
235,Stage_4,2045.532,4_to_6,False,Piled(Ground-beams/Caps),RC_Frame,Frame&Floors,high,Masonry,1299.684,0.819,74.107,6.39,33.475,175.1955,0.0,144.7946,0.0,0.0,319.9901
238,As_Built,693.11,1_to_3,False,Mass(Pads/Strips),Steel_Frame&Precast/Composite,Floors,medium,Other,1169.186,0.819,44.464,58.206,33.475,139.583,0.0,78.9628,101.8798,0.0,320.4256
253,Stage_5,2045.532,1_to_3,False,Piled(Ground-beams/Caps),Steel_Frame&Precast/Composite,Floors,medium,Other,908.192,0.819,14.718,58.206,33.475,123.0625,0.0,7.2116,88.7678,0.0,219.0419
257,Stage_5,693.11,1_to_3,False,Reinforced(Pads/Strips/Raft),Steel_Frame&CLT,No_elems,low,Other,647.198,0.819,14.718,45.272,33.475,75.9042,0.0,21.5235,67.9415,0.0,165.3692
263,Stage_4,693.11,1_to_3,False,Mass(Pads/Strips),Steel_Frame&Precast/Composite,Floors,medium,Other,908.192,0.819,14.718,45.272,33.475,128.7336,0.0,3.3055,73.7386,0.0,205.7777
